Name,X,Y,Z
No host family,6.67991447,4.881626,0
No host family,6.67991447,2.84344578,0
No host family,4.75127268,2.33945942,0
No host family,4.736437,4.07376575,0
No host family,3.03774858,3.57719064,0
No host family,2.034083,5.65616465,0
No host family,1.25836718,3.57689834,0
No host family,1.66688049,1.57611728,0
No host family,5.68744135,0.712342262,0
No host family,4.666589,5.85817575,0
